v_products_model,v_products_image,v_products_name_1,v_products_price,v_date_added,v_products_quantity,v_categories_name_1,v_categories_name_2,v_categories_name_3
20151102218a,20151102218a.jpg,Wildcats 30 Stephen Curry Red Basketball Stitched NCAA Jersey,23.88,2015/11/2 16:50:01,10000,NCAA Jerseys,Davidson Wildcats,
20151102217a,20151102217a.jpg,Warriors 30 Stephen Curry White Throwback Stitched NBA Jersey,23.88,2015/11/2 16:50:02,10000,NBA Basketball Jerseys,Golden State Warriors,
20151102216a,20151102216a.jpg,Twins 2 Brian Dozier White Home Women's Stitched MLB Jersey,23.88,2015/11/2 16:50:03,10000,MLB Baseball Jerseys,MLB Women&Female,Minnesota Twins
20151102215a,20151102215a.jpg,Toddler Royals 4 Alex Gordon White Cool Base W 2015 World Series Patch Stitched MLB Jersey,23.88,2015/11/2 16:50:04,10000,MLB Baseball Jerseys,MLB Youth&Kids,Kansas City Royals
20151102214a,20151102214a.jpg,Toddler Royals 4 Alex Gordon White Cool Base Stitched MLB Jersey,23.88,2015/11/2 16:50:05,10000,MLB Baseball Jerseys,MLB Youth&Kids,Kansas City Royals
20151102213a,20151102213a.jpg,Toddler Pirates 22 Andrew McCutchen Black Cool Base Stitched MLB Jersey,23.88,2015/11/2 16:50:06,10000,MLB Baseball Jerseys,MLB Youth&Kids,Pittsburgh Pirates
20151102212a,20151102212a.jpg,Toddler Nike Steelers 84 Antonio Brown Black Team Color Stitched NFL Elite Jersey,23.88,2015/11/2 16:50:07,10000,NFL Football Jerseys,NFL Nike Youth Jerseys,Pittsburgh Steelers
20151102211a,20151102211a.jpg,Toddler Nike Steelers 26 Le'Veon Bell Black Team Color Stitched NFL Elite Jersey,23.88,2015/11/2 16:50:08,10000,NFL Football Jerseys,NFL Nike Youth Jerseys,Pittsburgh Steelers
20151102210a,20151102210a.jpg,Toddler Nike Seahawks 88 Jimmy Graham Steel Blue Team Color Stitched NFL Elite Jersey,23.88,2015/11/2 16:50:09,10000,NFL Football Jerseys,NFL Nike Youth Jerseys,Seattle Seahawks
20151102209a,20151102209a.jpg,Toddler Nike Seahawks 3 Russell Wilson Green Alternate Stitched NFL Elite Jersey,23.88,2015/11/2 16:50:10,10000,NFL Football Jerseys,NFL Nike Youth Jerseys,Seattle Seahawks
20151102208a,20151102208a.jpg,Toddler Nike Seahawks 24 Marshawn Lynch Green Alternate Stitched NFL Elite Jersey,23.88,2015/11/2 16:50:11,10000,NFL Football Jerseys,NFL Nike Youth Jerseys,Seattle Seahawks
20151102207a,20151102207a.jpg,Toddler Nike Seahawks 12 Fan Green Alternate Stitched NFL Elite Jersey,23.88,2015/11/2 16:50:12,10000,NFL Football Jerseys,NFL Nike Youth Jerseys,Seattle Seahawks
20151102206a,20151102206a.jpg,Toddler Nike Bills 25 LeSean McCoy Royal Blue Team Color Stitched NFL Elite Jersey,23.88,2015/11/2 16:50:13,10000,NFL Football Jerseys,NFL Nike Youth Jerseys,Buffalo Bills
20151102205a,20151102205a.jpg,Toddler Nike 49ers 80 Jerry Rice Red Team Color Stitched NFL Elite Jersey,23.88,2015/11/2 16:50:14,10000,NFL Football Jerseys,NFL Nike Youth Jerseys,San Francisco 49ers
20151102204a,20151102204a.jpg,Toddler Nike 49ers 28 Carlos Hyde White Stitched NFL Elite Jersey,23.88,2015/11/2 16:50:15,10000,NFL Football Jerseys,NFL Nike Youth Jerseys,San Francisco 49ers
20151102203a,20151102203a.jpg,Toddler Nationals 34 Bryce Harper Red Cool Base Stitched MLB Jersey,23.88,2015/11/2 16:50:16,10000,MLB Baseball Jerseys,MLB Youth&Kids,Washington Nationals
20151102202a,20151102202a.jpg,Toddler Giants 28 Buster Posey Cream Stitched MLB Jersey,23.88,2015/11/2 16:50:17,10000,MLB Baseball Jerseys,MLB Youth&Kids,San Francisco Giants
20151102201a,20151102201a.jpg,Toddler Cubs 49 Jake Arrieta Blue Cool Base Stitched MLB Jersey,23.88,2015/11/2 16:50:18,10000,MLB Baseball Jerseys,MLB Youth&Kids,Chicago Cubs
20151102200a,20151102200a.jpg,Toddler Cardinals 4 Yadier Molina White Cool Base Stitched MLB Jersey,23.88,2015/11/2 16:50:19,10000,MLB Baseball Jerseys,MLB Youth&Kids,St.Louis Cardinals
20151102199a,20151102199a.jpg,Toddler Blue Jays 2 Troy Tulowitzki Blue Cool Base Stitched MLB Jersey,23.88,2015/11/2 16:50:20,10000,MLB Baseball Jerseys,MLB Youth&Kids,Toronto Blue Jays
20151102198a,20151102198a.jpg,Tigers 44 Daniel Norris White Cool Base Stitched MLB Jersey,23.88,2015/11/2 16:50:21,10000,MLB Baseball Jerseys,Detroit Tigers,
20151102197a,20151102197a.jpg,Tigers 44 Daniel Norris Grey Cool Base Stitched MLB Jersey,23.88,2015/11/2 16:50:22,10000,MLB Baseball Jerseys,Detroit Tigers,
20151102196a,20151102196a.jpg,Tigers 1 Jose Iglesias Grey Cool Base Stitched Youth MLB Jersey,23.88,2015/11/2 16:50:23,10000,MLB Baseball Jerseys,MLB Youth&Kids,Detroit Tigers
20151102195a,20151102195a.jpg,Throwback 76ers 6 Julius Erving Stitched Red NBA Jersey,23.88,2015/11/2 16:50:24,10000,NBA Basketball Jerseys,Philadelphia 76ers,
20151102194a,20151102194a.jpg,Suns 2 Eric Bledsoe Black Stitched NBA Jersey,23.88,2015/11/2 16:50:25,10000,NBA Basketball Jerseys,Phoenix Suns,
20151102193a,20151102193a.jpg,Sun Devils 13 James Harden White Stitched NCAA Basketball Jersey,23.88,2015/11/2 16:50:26,10000,NCAA Jerseys,Arizona State Sun Devils,
20151102192a,20151102192a.jpg,Sun Devils 13 James Harden Red Stitched NCAA Basketball Jersey,23.88,2015/11/2 16:50:27,10000,NCAA Jerseys,Arizona State Sun Devils,
20151102191a,20151102191a.jpg,Stars 91 Tyler Seguin Green Youth Stitched NHL Jersey,34.88,2015/11/2 16:50:28,10000,NHL Hockey Jerseys,NHL Youth&Kids,Dallas Stars
20151102190a,20151102190a.jpg,Stars 14 Jamie Benn Green Youth Stitched NHL Jersey With C Patch,34.88,2015/11/2 16:50:29,10000,NHL Hockey Jerseys,NHL Youth&Kids,Dallas Stars
20151102189a,20151102189a.jpg,Stars 10 Patrick Sharp Green Stitched NHL Jersey With A Patch,34.88,2015/11/2 16:50:30,10000,NHL Hockey Jerseys,Dallas Stars,
20151102188a,20151102188a.jpg,Stars 10 Patrick Sharp Black Stitched NHL Jersey With A Patch,34.88,2015/11/2 16:50:31,10000,NHL Hockey Jerseys,Dallas Stars,
20151102187a,20151102187a.jpg,Revolution 30 Raptors 7 Kyle Lowry Red Stitched NBA Jersey,26.88,2015/11/2 16:50:32,10000,NBA Basketball Jerseys,Toronto Raptors,
20151102186a,20151102186a.jpg,Revolution 30 Raptors 7 Kyle Lowry Black Stitched NBA Jersey,26.88,2015/11/2 16:50:33,10000,NBA Basketball Jerseys,Toronto Raptors,
20151102185a,20151102185a.jpg,Revolution 30 Raptors 10 DeMar DeRozan Red Stitched NBA Jersey,26.88,2015/11/2 16:50:34,10000,NBA Basketball Jerseys,Toronto Raptors,
20151102184a,20151102184a.jpg,Revolution 30 Raptors 10 DeMar DeRozan Black Stitched NBA Jersey,26.88,2015/11/2 16:50:35,10000,NBA Basketball Jerseys,Toronto Raptors,
20151102183a,20151102183a.jpg,Raptors 7 Kyle Lowry White Stitched NBA Jersey,23.88,2015/11/2 16:50:36,10000,NBA Basketball Jerseys,Toronto Raptors,
20151102182a,20151102182a.jpg,Raptors 15 Anthony Bennett White Stitched NBA Jersey,23.88,2015/11/2 16:50:37,10000,NBA Basketball Jerseys,Toronto Raptors,
20151102181a,20151102181a.jpg,Raptors 15 Anthony Bennett Red Stitched NBA Jersey,23.88,2015/11/2 16:50:38,10000,NBA Basketball Jerseys,Toronto Raptors,
20151102180a,20151102180a.jpg,Raptors 15 Anthony Bennett Black Stitched NBA Jersey,23.88,2015/11/2 16:50:39,10000,NBA Basketball Jerseys,Toronto Raptors,
20151102179a,20151102179a.jpg,Rangers 27 Ryan McDonagh Blue Home Stitched Youth NHL Jersey With C Patch,34.88,2015/11/2 16:50:40,10000,NHL Hockey Jerseys,NHL Youth&Kids,New York Rangers
20151102178a,20151102178a.jpg,Rangers 24 Oscar Lindberg White Stitched NHL Jersey,34.88,2015/11/2 16:50:41,10000,NHL Hockey Jerseys,New York Rangers,
20151102177a,20151102177a.jpg,Rangers 24 Oscar Lindberg Blue Stitched NHL Jersey,34.88,2015/11/2 16:50:42,10000,NHL Hockey Jerseys,New York Rangers,
20151102176a,20151102176a.jpg,Padres Blank White Home Cool Base Stitched Youth MLB Jersey,23.88,2015/11/2 16:50:43,10000,MLB Baseball Jerseys,MLB Youth&Kids,San Diego Padres
20151102175a,20151102175a.jpg,Padres 27 Matt Kemp White Home Cool Base Stitched Youth MLB Jersey,23.88,2015/11/2 16:50:44,10000,MLB Baseball Jerseys,MLB Youth&Kids,San Diego Padres
20151102174a,20151102174a.jpg,Oilers 97 Connor McDavid White Stitched Youth NHL Jersey,34.88,2015/11/2 16:50:45,10000,NHL Hockey Jerseys,NHL Youth&Kids,Edmonton Oilers
20151102173a,20151102173a.jpg,North Carolina 23 Michael Jordan Black Basketball Stitched NCAA Jersey,23.88,2015/11/2 16:50:46,10000,NCAA Jerseys,North Carolina,
20151102172a,20151102172a.jpg,Nike Steelers Blank Black Player Pullover NFL Sweatshirt Hoodie,45.88,2015/11/2 16:50:47,10000,NFL Football Jerseys,Pittsburgh Steelers,
20151102171a,20151102171a.jpg,Nike Steelers 99 Brett Keisel Black Player Pullover NFL Sweatshirt Hoodie,45.88,2015/11/2 16:50:48,10000,NFL Football Jerseys,Pittsburgh Steelers,
20151102170a,20151102170a.jpg,Nike Steelers 97 Cameron Heyward Black Player Pullover NFL Sweatshirt Hoodie,45.88,2015/11/2 16:50:49,10000,NFL Football Jerseys,Pittsburgh Steelers,
20151102169a,20151102169a.jpg,Nike Steelers 95 Jarvis Jones Black Player Pullover NFL Sweatshirt Hoodie,45.88,2015/11/2 16:50:50,10000,NFL Football Jerseys,Pittsburgh Steelers,
20151102168a,20151102168a.jpg,Nike Steelers 94 Lawrence Timmons Black Player Pullover NFL Sweatshirt Hoodie,45.88,2015/11/2 16:50:51,10000,NFL Football Jerseys,Pittsburgh Steelers,
20151102167a,20151102167a.jpg,Nike Steelers 92 James Harrison Black Player Pullover NFL Sweatshirt Hoodie,45.88,2015/11/2 16:50:52,10000,NFL Football Jerseys,Pittsburgh Steelers,
20151102166a,20151102166a.jpg,Nike Steelers 91 Kevin Greene Black Player Pullover NFL Sweatshirt Hoodie,45.88,2015/11/2 16:50:53,10000,NFL Football Jerseys,Pittsburgh Steelers,
20151102165a,20151102165a.jpg,Nike Steelers 88 Lynn Swann Black Player Pullover NFL Sweatshirt Hoodie,45.88,2015/11/2 16:50:54,10000,NFL Football Jerseys,Pittsburgh Steelers,
20151102164a,20151102164a.jpg,Nike Steelers 88 Darrius Heyward-Bey Black Player Pullover NFL Sweatshirt Hoodie,45.88,2015/11/2 16:50:55,10000,NFL Football Jerseys,Pittsburgh Steelers,
20151102163a,20151102163a.jpg,Nike Steelers 86 Hines Ward Black Player Pullover NFL Sweatshirt Hoodie,45.88,2015/11/2 16:50:56,10000,NFL Football Jerseys,Pittsburgh Steelers,
20151102162a,20151102162a.jpg,Nike Steelers 84 Antonio Brown Black Player Pullover NFL Sweatshirt Hoodie,45.88,2015/11/2 16:50:57,10000,NFL Football Jerseys,Pittsburgh Steelers,
20151102161a,20151102161a.jpg,Nike Steelers 83 Heath Miller Black Player Pullover NFL Sweatshirt Hoodie,45.88,2015/11/2 16:50:58,10000,NFL Football Jerseys,Pittsburgh Steelers,
20151102160a,20151102160a.jpg,Nike Steelers 82 John Stallworth Black Player Pullover NFL Sweatshirt Hoodie,45.88,2015/11/2 16:50:59,10000,NFL Football Jerseys,Pittsburgh Steelers,
20151102159a,20151102159a.jpg,Nike Steelers 80 Jack Butler Black Player Pullover NFL Sweatshirt Hoodie,45.88,2015/11/2 16:51:00,10000,NFL Football Jerseys,Pittsburgh Steelers,
20151102158a,20151102158a.jpg,Nike Steelers 78 Alejandro Villanueva Black Player Pullover NFL Sweatshirt Hoodie,45.88,2015/11/2 16:51:01,10000,NFL Football Jerseys,Pittsburgh Steelers,
20151102157a,20151102157a.jpg,Nike Steelers 75 Joe Greene Black Player Pullover NFL Sweatshirt Hoodie,45.88,2015/11/2 16:51:02,10000,NFL Football Jerseys,Pittsburgh Steelers,
20151102156a,20151102156a.jpg,Nike Steelers 7 Ben Roethlisberger Black Player Pullover NFL Sweatshirt Hoodie,45.88,2015/11/2 16:51:03,10000,NFL Football Jerseys,Pittsburgh Steelers,
20151102155a,20151102155a.jpg,Nike Steelers 68 L.C. Greenwood Black Player Pullover NFL Sweatshirt Hoodie,45.88,2015/11/2 16:51:04,10000,NFL Football Jerseys,Pittsburgh Steelers,
20151102154a,20151102154a.jpg,Nike Steelers 66 David DeCastro Black Player Pullover NFL Sweatshirt Hoodie,45.88,2015/11/2 16:51:05,10000,NFL Football Jerseys,Pittsburgh Steelers,
20151102153a,20151102153a.jpg,Nike Steelers 63 Dermontti Dawson Black Player Pullover NFL Sweatshirt Hoodie,45.88,2015/11/2 16:51:06,10000,NFL Football Jerseys,Pittsburgh Steelers,
20151102152a,20151102152a.jpg,Nike Steelers 59 Jack Ham Black Player Pullover NFL Sweatshirt Hoodie,45.88,2015/11/2 16:51:07,10000,NFL Football Jerseys,Pittsburgh Steelers,
20151102151a,20151102151a.jpg,Nike Steelers 58 Jack Lambert Black Player Pullover NFL Sweatshirt Hoodie,45.88,2015/11/2 16:51:08,10000,NFL Football Jerseys,Pittsburgh Steelers,
20151102150a,20151102150a.jpg,Nike Steelers 53 Maurkice Pouncey Black Player Pullover NFL Sweatshirt Hoodie,45.88,2015/11/2 16:51:09,10000,NFL Football Jerseys,Pittsburgh Steelers,
20151102149a,20151102149a.jpg,Nike Steelers 50 Ryan Shazier Black Player Pullover NFL Sweatshirt Hoodie,45.88,2015/11/2 16:51:10,10000,NFL Football Jerseys,Pittsburgh Steelers,
20151102148a,20151102148a.jpg,Nike Steelers 48 Bud Dupree Black Player Pullover NFL Sweatshirt Hoodie,45.88,2015/11/2 16:51:11,10000,NFL Football Jerseys,Pittsburgh Steelers,
20151102147a,20151102147a.jpg,Nike Steelers 47 Mel Blount Black Player Pullover NFL Sweatshirt Hoodie,45.88,2015/11/2 16:51:12,10000,NFL Football Jerseys,Pittsburgh Steelers,
20151102146a,20151102146a.jpg,Nike Steelers 43 Troy Polamalu Black Player Pullover NFL Sweatshirt Hoodie,45.88,2015/11/2 16:51:13,10000,NFL Football Jerseys,Pittsburgh Steelers,
20151102145a,20151102145a.jpg,Nike Steelers 36 Jerome Bettis Black Player Pullover NFL Sweatshirt Hoodie,45.88,2015/11/2 16:51:14,10000,NFL Football Jerseys,Pittsburgh Steelers,
20151102144a,20151102144a.jpg,Nike Steelers 34 DeAngelo Williams Black Player Pullover NFL Sweatshirt Hoodie,45.88,2015/11/2 16:51:15,10000,NFL Football Jerseys,Pittsburgh Steelers,
20151102143a,20151102143a.jpg,Nike Steelers 32 Franco Harris Black Player Pullover NFL Sweatshirt Hoodie,45.88,2015/11/2 16:51:16,10000,NFL Football Jerseys,Pittsburgh Steelers,
20151102142a,20151102142a.jpg,Nike Steelers 26 Rod Woodson Black Player Pullover NFL Sweatshirt Hoodie,45.88,2015/11/2 16:51:17,10000,NFL Football Jerseys,Pittsburgh Steelers,
20151102141a,20151102141a.jpg,Nike Steelers 26 Le'Veon Bell Black Player Pullover NFL Sweatshirt Hoodie,45.88,2015/11/2 16:51:18,10000,NFL Football Jerseys,Pittsburgh Steelers,
20151102140a,20151102140a.jpg,Nike Steelers 20 Rocky Bleier Black Player Pullover NFL Sweatshirt Hoodie,45.88,2015/11/2 16:51:19,10000,NFL Football Jerseys,Pittsburgh Steelers,
20151102139a,20151102139a.jpg,Nike Steelers 2 Michael Vick Black Player Pullover NFL Sweatshirt Hoodie,45.88,2015/11/2 16:51:20,10000,NFL Football Jerseys,Pittsburgh Steelers,
20151102138a,20151102138a.jpg,Nike Steelers 12 Terry Bradshaw Black Player Pullover NFL Sweatshirt Hoodie,45.88,2015/11/2 16:51:21,10000,NFL Football Jerseys,Pittsburgh Steelers,
20151102137a,20151102137a.jpg,Nike Steelers 11 Markus Wheaton Black Player Pullover NFL Sweatshirt Hoodie,45.88,2015/11/2 16:51:22,10000,NFL Football Jerseys,Pittsburgh Steelers,
20151102136a,20151102136a.jpg,Nike Steelers 10 Martavis Bryant Black Player Pullover NFL Sweatshirt Hoodie,45.88,2015/11/2 16:51:23,10000,NFL Football Jerseys,Pittsburgh Steelers,
20151102135a,20151102135a.jpg,Nike Panthers 99 Kawann Short Black Player Pullover NFL Sweatshirt Hoodie,45.88,2015/11/2 16:51:24,10000,NFL Football Jerseys,Carolina Panthers,
20151102134a,20151102134a.jpg,Nike Panthers 98 Star Lotulelei Black Player Pullover NFL Sweatshirt Hoodie,45.88,2015/11/2 16:51:25,10000,NFL Football Jerseys,Carolina Panthers,
20151102133a,20151102133a.jpg,Nike Panthers 95 Charles Johnson Black Player Pullover NFL Sweatshirt Hoodie,45.88,2015/11/2 16:51:26,10000,NFL Football Jerseys,Carolina Panthers,
20151102132a,20151102132a.jpg,Nike Panthers 88 Greg Olsen Black Player Pullover NFL Sweatshirt Hoodie,45.88,2015/11/2 16:51:27,10000,NFL Football Jerseys,Carolina Panthers,
20151102131a,20151102131a.jpg,Nike Panthers 67 Ryan Kalil Black Player Pullover NFL Sweatshirt Hoodie,45.88,2015/11/2 16:51:28,10000,NFL Football Jerseys,Carolina Panthers,
20151102130a,20151102130a.jpg,Nike Panthers 59 Luke Kuechly Black Player Pullover NFL Sweatshirt Hoodie,45.88,2015/11/2 16:51:29,10000,NFL Football Jerseys,Carolina Panthers,
20151102129a,20151102129a.jpg,Nike Panthers 58 Thomas Davis Black Player Pullover NFL Sweatshirt Hoodie,45.88,2015/11/2 16:51:30,10000,NFL Football Jerseys,Carolina Panthers,
20151102128a,20151102128a.jpg,Nike Panthers 54 Shaq Thompson Black Player Pullover NFL Sweatshirt Hoodie,45.88,2015/11/2 16:51:31,10000,NFL Football Jerseys,Carolina Panthers,
20151102127a,20151102127a.jpg,Nike Panthers 35 Mike Tolbert Black Player Pullover NFL Sweatshirt Hoodie,45.88,2015/11/2 16:51:32,10000,NFL Football Jerseys,Carolina Panthers,
20151102126a,20151102126a.jpg,Nike Panthers 28 Jonathan Stewart Black Player Pullover NFL Sweatshirt Hoodie,45.88,2015/11/2 16:51:33,10000,NFL Football Jerseys,Carolina Panthers,
20151102125a,20151102125a.jpg,Nike Panthers 24 Josh Norman Black Player Pullover NFL Sweatshirt Hoodie,45.88,2015/11/2 16:51:34,10000,NFL Football Jerseys,Carolina Panthers,
20151102124a,20151102124a.jpg,Nike Panthers 17 Devin Funchess Black Player Pullover NFL Sweatshirt Hoodie,45.88,2015/11/2 16:51:35,10000,NFL Football Jerseys,Carolina Panthers,
20151102123a,20151102123a.jpg,Nike Panthers 13 Kelvin Benjamin Black Player Pullover NFL Sweatshirt Hoodie,45.88,2015/11/2 16:51:36,10000,NFL Football Jerseys,Carolina Panthers,
20151102122a,20151102122a.jpg,Nike Panthers 1 Cam Newton Black Player Pullover NFL Sweatshirt Hoodie,45.88,2015/11/2 16:51:37,10000,NFL Football Jerseys,Carolina Panthers,
20151102121a,20151102121a.jpg,Nike Lions Blank Blue Player Pullover NFL Sweatshirt Hoodie,45.88,2015/11/2 16:51:38,10000,NFL Football Jerseys,Detroit Lions,
20151102120a,20151102120a.jpg,Nike Jets Blank Green Player Pullover NFL Sweatshirt Hoodie,45.88,2015/11/2 16:51:39,10000,NFL Football Jerseys,New York Jets,
20151102119a,20151102119a.jpg,Nike Giants 17 Dwayne Harris White Men's Stitched NFL Elite Jersey,23.88,2015/11/2 16:51:40,10000,NFL Football Jerseys,New York Giants,
20151102118a,20151102118a.jpg,Nike Giants 17 Dwayne Harris Royal Blue Team Color Men's Stitched NFL Elite Jersey,23.88,2015/11/2 16:51:41,10000,NFL Football Jerseys,New York Giants,
20151102117a,20151102117a.jpg,Nike Cowboys 70 Zack Martin White Thanksgiving Throwback Men's Stitched NFL Elite Jersey,23.88,2015/11/2 16:51:42,10000,NFL Football Jerseys,Dallas Cowboys,
20151102116a,20151102116a.jpg,Nike Cowboys 5 Dan Bailey White Thanksgiving Throwback Men's Stitched NFL Elite Jersey,23.88,2015/11/2 16:51:43,10000,NFL Football Jerseys,Dallas Cowboys,
20151102115a,20151102115a.jpg,Nike Cowboys 31 Byron Jones White Thanksgiving Throwback Men's Stitched NFL Elite Jersey,23.88,2015/11/2 16:51:44,10000,NFL Football Jerseys,Dallas Cowboys,
20151102114a,20151102114a.jpg,Nike Cowboys 25 Lance Dunbar White Thanksgiving Throwback Men's Stitched NFL Elite Jersey,23.88,2015/11/2 16:51:45,10000,NFL Football Jerseys,Dallas Cowboys,
20151102113a,20151102113a.jpg,Nike Cowboys 21 Joseph Randle White Thanksgiving Throwback Men's Stitched NFL Elite Jersey,23.88,2015/11/2 16:51:46,10000,NFL Football Jerseys,Dallas Cowboys,
20151102112a,20151102112a.jpg,Nike Cowboys 15 Devin Street White Thanksgiving Throwback Men's Stitched NFL Elite Jersey,23.88,2015/11/2 16:51:47,10000,NFL Football Jerseys,Dallas Cowboys,
20151102111a,20151102111a.jpg,Nike Cowboys 15 Devin Street White Men's Stitched NFL Elite Jersey,23.88,2015/11/2 16:51:48,10000,NFL Football Jerseys,Dallas Cowboys,
20151102110a,20151102110a.jpg,Nike Cowboys 15 Devin Street Navy Blue Thanksgiving Throwback Men's Stitched NFL Elite Jersey,23.88,2015/11/2 16:51:49,10000,NFL Football Jerseys,Dallas Cowboys,
20151102109a,20151102109a.jpg,Nike Cowboys 15 Devin Street Navy Blue Team Color Men's Stitched NFL Elite Jersey,23.88,2015/11/2 16:51:50,10000,NFL Football Jerseys,Dallas Cowboys,
20151102108a,20151102108a.jpg,Nike Cowboys 15 Devin Street Navy Blue Player Pullover NFL Sweatshirt Hoodie,45.88,2015/11/2 16:51:51,10000,NFL Football Jerseys,Dallas Cowboys,
20151102107a,20151102107a.jpg,Nike Chiefs 32 Marcus Allen White Men's Stitched NFL Elite Jersey With AFC-LH Patch,23.88,2015/11/2 16:51:52,10000,NFL Football Jerseys,Kansas City Chiefs,
20151102106a,20151102106a.jpg,Nike Chiefs 32 Marcus Allen Red Team Color Men's Stitched NFL Elite Jersey With AFC-LH Patch,23.88,2015/11/2 16:51:53,10000,NFL Football Jerseys,Kansas City Chiefs,
20151102105a,20151102105a.jpg,Nike Cardinals 24 Adrian Wilson White Men's Stitched NFL Elite Jersey,23.88,2015/11/2 16:51:54,10000,NFL Football Jerseys,Arizona Cardinals,
20151102104a,20151102104a.jpg,Nike Cardinals 24 Adrian Wilson Red Team Color Men's Stitched NFL Elite Jersey,23.88,2015/11/2 16:51:55,10000,NFL Football Jerseys,Arizona Cardinals,
20151102103a,20151102103a.jpg,Nike Cardinals 24 Adrian Wilson Red Player Pullover NFL Sweatshirt Hoodie,45.88,2015/11/2 16:51:56,10000,NFL Football Jerseys,Arizona Cardinals,
20151102102a,20151102102a.jpg,Nike Cardinals 24 Adrian Wilson Black Alternate Men's Stitched NFL Elite Jersey,23.88,2015/11/2 16:51:57,10000,NFL Football Jerseys,Arizona Cardinals,
20151102101a,20151102101a.jpg,Nike Browns Blank Brown Player Pullover NFL Sweatshirt Hoodie,45.88,2015/11/2 16:51:58,10000,NFL Football Jerseys,Cleveland Browns,
20151102100a,20151102100a.jpg,Mitchell And Ness Hornets 33 Alonzo Mourning Purple Throwback Stitched NBA Jersey,23.88,2015/11/2 16:51:59,10000,NBA Basketball Jerseys,New Orleans Hornets,
2015110299a,2015110299a.jpg,Mitchell And Ness Hornets 30 Dell Curry White Throwback Stitched NBA Jersey,23.88,2015/11/2 16:52:00,10000,NBA Basketball Jerseys,New Orleans Hornets,
2015110298a,2015110298a.jpg,Mitchell And Ness Hornets 30 Dell Curry Purple Throwback Stitched NBA Jersey,23.88,2015/11/2 16:52:01,10000,NBA Basketball Jerseys,New Orleans Hornets,
2015110297a,2015110297a.jpg,Mitchell And Ness Hornets 2 Larry Johnson Purple Throwback Stitched NBA Jersey,23.88,2015/11/2 16:52:02,10000,NBA Basketball Jerseys,New Orleans Hornets,
2015110296a,2015110296a.jpg,Mitchell and Ness Astros 34 Nolan Ryan White Orange Stitched Throwback MLB Jersey,23.88,2015/11/2 16:52:03,10000,MLB Baseball Jerseys,Houston Astros,
2015110295a,2015110295a.jpg,Mitchell and Ness 76ers 6 Julius Erving Stitched Blue Throwback NBA Jersey,23.88,2015/11/2 16:52:04,10000,NBA Basketball Jerseys,Philadelphia 76ers,
2015110294a,2015110294a.jpg,Mitchell And Ness 1967 Steelers 99 Brett Keisel Black Yelllow Throwback Men's Stitched NFL Jersey,23.88,2015/11/2 16:52:05,10000,NFL Football Jerseys,Pittsburgh Steelers,
2015110293a,2015110293a.jpg,Mitchell And Ness 1967 Steelers 97 Cameron Heyward Black Yelllow Throwback Men's Stitched NFL Jersey,23.88,2015/11/2 16:52:06,10000,NFL Football Jerseys,Pittsburgh Steelers,
2015110292a,2015110292a.jpg,Mitchell And Ness 1967 Steelers 95 Jarvis Jones Black Yelllow Throwback Men's Stitched NFL Jersey,23.88,2015/11/2 16:52:07,10000,NFL Football Jerseys,Pittsburgh Steelers,
2015110291a,2015110291a.jpg,Mitchell And Ness 1967 Steelers 94 Lawrence Timmons Black Yelllow Throwback Men's Stitched NFL Jersey,23.88,2015/11/2 16:52:08,10000,NFL Football Jerseys,Pittsburgh Steelers,
2015110290a,2015110290a.jpg,Mitchell And Ness 1967 Steelers 92 James Harrison Black Yelllow Throwback Men's Stitched NFL Jersey,23.88,2015/11/2 16:52:09,10000,NFL Football Jerseys,Pittsburgh Steelers,
2015110289a,2015110289a.jpg,Mitchell And Ness 1967 Steelers 91 Kevin Greene Black Yelllow Throwback Men's Stitched NFL Jersey,23.88,2015/11/2 16:52:10,10000,NFL Football Jerseys,Pittsburgh Steelers,
2015110288a,2015110288a.jpg,Mitchell And Ness 1967 Steelers 88 Lynn Swann Black Yelllow Throwback Men's Stitched NFL Jersey,23.88,2015/11/2 16:52:11,10000,NFL Football Jerseys,Pittsburgh Steelers,
2015110287a,2015110287a.jpg,Mitchell And Ness 1967 Steelers 88 Darrius Heyward-Bey Black Yelllow Throwback Men's Stitched NFL Jersey,23.88,2015/11/2 16:52:12,10000,NFL Football Jerseys,Pittsburgh Steelers,
2015110286a,2015110286a.jpg,Mitchell And Ness 1967 Steelers 86 Hines Ward Black Yelllow Throwback Men's Stitched NFL Jersey,23.88,2015/11/2 16:52:13,10000,NFL Football Jerseys,Pittsburgh Steelers,
2015110285a,2015110285a.jpg,Mitchell And Ness 1967 Steelers 84 Antonio Brown Black Yelllow Throwback Men's Stitched NFL Jersey,23.88,2015/11/2 16:52:14,10000,NFL Football Jerseys,Pittsburgh Steelers,
2015110284a,2015110284a.jpg,Mitchell And Ness 1967 Steelers 83 Heath Miller Black Yelllow Throwback Men's Stitched NFL Jersey,23.88,2015/11/2 16:52:15,10000,NFL Football Jerseys,Pittsburgh Steelers,
2015110283a,2015110283a.jpg,Mitchell And Ness 1967 Steelers 82 John Stallworth Black Yelllow Throwback Men's Stitched NFL Jersey,23.88,2015/11/2 16:52:16,10000,NFL Football Jerseys,Pittsburgh Steelers,
2015110282a,2015110282a.jpg,Mitchell And Ness 1967 Steelers 80 Jack Butler Black Yelllow Throwback Men's Stitched NFL Jersey,23.88,2015/11/2 16:52:17,10000,NFL Football Jerseys,Pittsburgh Steelers,
2015110281a,2015110281a.jpg,Mitchell And Ness 1967 Steelers 78 Alejandro Villanueva Black Yelllow Throwback Men's Stitched NFL Jersey,23.88,2015/11/2 16:52:18,10000,NFL Football Jerseys,Pittsburgh Steelers,
2015110280a,2015110280a.jpg,Mitchell And Ness 1967 Steelers 75 Joe Greene Black Yelllow Throwback Men's Stitched NFL Jersey,23.88,2015/11/2 16:52:19,10000,NFL Football Jerseys,Pittsburgh Steelers,
2015110279a,2015110279a.jpg,Mitchell And Ness 1967 Steelers 7 Ben Roethlisberger Black Yelllow Throwback Men's Stitched NFL Jersey,23.88,2015/11/2 16:52:20,10000,NFL Football Jerseys,Pittsburgh Steelers,
2015110278a,2015110278a.jpg,Mitchell And Ness 1967 Steelers 68 L.C. Greenwood Black Yelllow Throwback Men's Stitched NFL Jersey,23.88,2015/11/2 16:52:21,10000,NFL Football Jerseys,Pittsburgh Steelers,
2015110277a,2015110277a.jpg,Mitchell And Ness 1967 Steelers 66 David DeCastro Black Yelllow Throwback Men's Stitched NFL Jersey,23.88,2015/11/2 16:52:22,10000,NFL Football Jerseys,Pittsburgh Steelers,
2015110276a,2015110276a.jpg,Mitchell And Ness 1967 Steelers 63 Dermontti Dawson Black Yelllow Throwback Men's Stitched NFL Jersey,23.88,2015/11/2 16:52:23,10000,NFL Football Jerseys,Pittsburgh Steelers,
2015110275a,2015110275a.jpg,Mitchell And Ness 1967 Steelers 59 Jack Ham Black Yelllow Throwback Men's Stitched NFL Jersey,23.88,2015/11/2 16:52:24,10000,NFL Football Jerseys,Pittsburgh Steelers,
2015110274a,2015110274a.jpg,Mitchell And Ness 1967 Steelers 58 Jack Lambert Black Yelllow Throwback Men's Stitched NFL Jersey,23.88,2015/11/2 16:52:25,10000,NFL Football Jerseys,Pittsburgh Steelers,
2015110273a,2015110273a.jpg,Mitchell And Ness 1967 Steelers 53 Maurkice Pouncey Black Yelllow Throwback Men's Stitched NFL Jersey,23.88,2015/11/2 16:52:26,10000,NFL Football Jerseys,Pittsburgh Steelers,
2015110272a,2015110272a.jpg,Mitchell And Ness 1967 Steelers 50 Ryan Shazier Black Yelllow Throwback Men's Stitched NFL Jersey,23.88,2015/11/2 16:52:27,10000,NFL Football Jerseys,Pittsburgh Steelers,
2015110271a,2015110271a.jpg,Mitchell And Ness 1967 Steelers 48 Bud Dupree Black Yelllow Throwback Men's Stitched NFL Jersey,23.88,2015/11/2 16:52:28,10000,NFL Football Jerseys,Pittsburgh Steelers,
2015110270a,2015110270a.jpg,Mitchell And Ness 1967 Steelers 47 Mel Blount Black Yelllow Throwback Men's Stitched NFL Jersey,23.88,2015/11/2 16:52:29,10000,NFL Football Jerseys,Pittsburgh Steelers,
2015110269a,2015110269a.jpg,Mitchell And Ness 1967 Steelers 43 Troy Polamalu Black Yelllow Throwback Men's Stitched NFL Jersey,23.88,2015/11/2 16:52:30,10000,NFL Football Jerseys,Pittsburgh Steelers,
2015110268a,2015110268a.jpg,Mitchell And Ness 1967 Steelers 36 Jerome Bettis Black Yelllow Throwback Men's Stitched NFL Jersey,23.88,2015/11/2 16:52:31,10000,NFL Football Jerseys,Pittsburgh Steelers,
2015110267a,2015110267a.jpg,Mitchell And Ness 1967 Steelers 34 DeAngelo Williams Black Yelllow Throwback Men's Stitched NFL Jersey,23.88,2015/11/2 16:52:32,10000,NFL Football Jerseys,Pittsburgh Steelers,
2015110266a,2015110266a.jpg,Mitchell And Ness 1967 Steelers 32 Franco Harris Black Yelllow Throwback Men's Stitched NFL Jersey,23.88,2015/11/2 16:52:33,10000,NFL Football Jerseys,Pittsburgh Steelers,
2015110265a,2015110265a.jpg,Mitchell And Ness 1967 Steelers 26 Rod Woodson Black Yelllow Throwback Men's Stitched NFL Jersey,23.88,2015/11/2 16:52:34,10000,NFL Football Jerseys,Pittsburgh Steelers,
2015110264a,2015110264a.jpg,Mitchell And Ness 1967 Steelers 26 Le'Veon Bell Black Yelllow Throwback Men's Stitched NFL Jersey,23.88,2015/11/2 16:52:35,10000,NFL Football Jerseys,Pittsburgh Steelers,
2015110263a,2015110263a.jpg,Mitchell And Ness 1967 Steelers 20 Rocky Bleier Black Yelllow Throwback Men's Stitched NFL Jersey,23.88,2015/11/2 16:52:36,10000,NFL Football Jerseys,Pittsburgh Steelers,
2015110262a,2015110262a.jpg,Mitchell And Ness 1967 Steelers 2 Michael Vick Black Yelllow Throwback Men's Stitched NFL Jersey,23.88,2015/11/2 16:52:37,10000,NFL Football Jerseys,Pittsburgh Steelers,
2015110261a,2015110261a.jpg,Mitchell And Ness 1967 Steelers 12 Terry Bradshaw Black Yelllow Throwback Men's Stitched NFL Jersey,23.88,2015/11/2 16:52:38,10000,NFL Football Jerseys,Pittsburgh Steelers,
2015110260a,2015110260a.jpg,Mitchell And Ness 1967 Steelers 11 Markus Wheaton Black Yelllow Throwback Men's Stitched NFL Jersey,23.88,2015/11/2 16:52:39,10000,NFL Football Jerseys,Pittsburgh Steelers,
2015110259a,2015110259a.jpg,Mitchell And Ness 1967 Steelers 10 Martavis Bryant Black Yelllow Throwback Men's Stitched NFL Jersey,23.88,2015/11/2 16:52:40,10000,NFL Football Jerseys,Pittsburgh Steelers,
2015110258a,2015110258a.jpg,Mets 31 Mike Piazza Blue Alternate Home W 2015 World Series Patch Stitched MLB Jersey,23.88,2015/11/2 16:52:41,10000,MLB Baseball Jerseys,New York Mets,
2015110257a,2015110257a.jpg,Mets 31 Mike Piazza Blue Alternate Home Stitched MLB Jersey,23.88,2015/11/2 16:52:42,10000,MLB Baseball Jerseys,New York Mets,
2015110256a,2015110256a.jpg,LSU Tigers 7 Leonard Fournette Gold Stitched NCAA Jersey With SEC Patch,23.88,2015/11/2 16:52:43,10000,NCAA Jerseys,LSU Tigers,
2015110255a,2015110255a.jpg,Like Mike Movie Los Angeles Knights 3 Calvin Cambridge White Stitched Basketball Jersey,23.88,2015/11/2 16:52:44,10000,NBA Basketball Jerseys,,
2015110254a,2015110254a.jpg,Like Mike Movie Los Angeles Knights 3 Calvin Cambridge Red Stitched Basketball Jersey,23.88,2015/11/2 16:52:45,10000,NBA Basketball Jerseys,,
2015110253a,2015110253a.jpg,Lightning 91 Steven Stamkos Royal Blue Stitched Youth NHL Jersey With C Patch,34.88,2015/11/2 16:52:46,10000,NHL Hockey Jerseys,NHL Youth&Kids,Tampa Bay Lightning
2015110252a,2015110252a.jpg,Knicks 6 Kristaps Porzingis White Stitched NBA Jersey,23.88,2015/11/2 16:52:47,10000,NBA Basketball Jerseys,New York Knicks,
2015110251a,2015110251a.jpg,Knicks 6 Kristaps Porzingis Blue Stitched NBA Jersey,23.88,2015/11/2 16:52:48,10000,NBA Basketball Jerseys,New York Knicks,
2015110250a,2015110250a.jpg,Kings 55 Jason Williams White New Throwback Stitched NBA Jersey,23.88,2015/11/2 16:52:49,10000,NBA Basketball Jerseys,Sacramento Kings,
2015110249a,2015110249a.jpg,Kings 55 Jason Williams Purple Black Throwback Stitched NBA Jersey,23.88,2015/11/2 16:52:50,10000,NBA Basketball Jerseys,Sacramento Kings,
2015110248a,2015110248a.jpg,Kings 4 Chris Webber Purple Black Throwback Stitched NBA Jersey,23.88,2015/11/2 16:52:51,10000,NBA Basketball Jerseys,Sacramento Kings,
2015110247a,2015110247a.jpg,Kings 10 Mike Bibby Purple Throwback Stitched NBA Jersey,23.88,2015/11/2 16:52:52,10000,NBA Basketball Jerseys,Sacramento Kings,
2015110246a,2015110246a.jpg,Kings 10 Mike Bibby Black Throwback Stitched NBA Jersey,23.88,2015/11/2 16:52:53,10000,NBA Basketball Jerseys,Sacramento Kings,
2015110245a,2015110245a.jpg,Islanders Blank Black Alternate Stitched NHL Jersey,34.88,2015/11/2 16:52:54,10000,NHL Hockey Jerseys,New York Islanders,
2015110244a,2015110244a.jpg,Islanders 91 John Tavares Black Alternate Stitched NHL Jersey With C Patch,34.88,2015/11/2 16:52:55,10000,NHL Hockey Jerseys,New York Islanders,
2015110243a,2015110243a.jpg,Islanders 91 John Tavares Baby Blue USA Flag Fashion Stitched NHL Jersey With C Patch,34.88,2015/11/2 16:52:56,10000,NHL Hockey Jerseys,New York Islanders,
2015110242a,2015110242a.jpg,Islanders 55 Johnny Boychuk Black Alternate Stitched NHL Jersey,34.88,2015/11/2 16:52:57,10000,NHL Hockey Jerseys,New York Islanders,
2015110241a,2015110241a.jpg,Islanders 55 Johnny Boychuk Baby Blue Stitched NHL Jersey,34.88,2015/11/2 16:52:58,10000,NHL Hockey Jerseys,New York Islanders,
2015110240a,2015110240a.jpg,Islanders 21 Kyle Okposo Black Alternate Stitched NHL Jersey With A Patch,34.88,2015/11/2 16:52:59,10000,NHL Hockey Jerseys,New York Islanders,
2015110239a,2015110239a.jpg,Islanders 21 Kyle Okposo Baby Blue USA Flag Fashion Stitched NHL Jersey With A Patch,34.88,2015/11/2 16:53:00,10000,NHL Hockey Jerseys,New York Islanders,
2015110238a,2015110238a.jpg,Islanders 2 Nick Leddy Black Alternate Stitched NHL Jersey,34.88,2015/11/2 16:53:01,10000,NHL Hockey Jerseys,New York Islanders,
2015110237a,2015110237a.jpg,Islanders 18 Ryan Strome Black Alternate Stitched NHL Jersey,34.88,2015/11/2 16:53:02,10000,NHL Hockey Jerseys,New York Islanders,
2015110236a,2015110236a.jpg,Islanders 17 Matt Martin Black Alternate Stitched NHL Jersey,34.88,2015/11/2 16:53:03,10000,NHL Hockey Jerseys,New York Islanders,
2015110235a,2015110235a.jpg,Heat 7 Goran Dragic White Stitched NBA Jersey,23.88,2015/11/2 16:53:04,10000,NBA Basketball Jerseys,Miami Heat,
2015110234a,2015110234a.jpg,Heat 7 Goran Dragic Red Stitched NBA Jersey,23.88,2015/11/2 16:53:05,10000,NBA Basketball Jerseys,Miami Heat,
2015110233a,2015110233a.jpg,Heat 7 Goran Dragic Black Stitched NBA Jersey,23.88,2015/11/2 16:53:06,10000,NBA Basketball Jerseys,Miami Heat,
2015110232a,2015110232a.jpg,Heat 23 LeBron James White Irish High School Stitched NBA Jersey,23.88,2015/11/2 16:53:07,10000,NBA Basketball Jerseys,Miami Heat,
2015110231a,2015110231a.jpg,Heat 21 Hassan Whiteside White Stitched NBA Jersey,23.88,2015/11/2 16:53:08,10000,NBA Basketball Jerseys,Miami Heat,
2015110230a,2015110230a.jpg,Heat 21 Hassan Whiteside Red Stitched NBA Jersey,23.88,2015/11/2 16:53:09,10000,NBA Basketball Jerseys,Miami Heat,
2015110229a,2015110229a.jpg,Heat 21 Hassan Whiteside Black Stitched NBA Jersey,23.88,2015/11/2 16:53:10,10000,NBA Basketball Jerseys,Miami Heat,
2015110228a,2015110228a.jpg,Heat 1 Chris Bosh Stitched Black NBA Jersey,23.88,2015/11/2 16:53:11,10000,NBA Basketball Jerseys,Miami Heat,
2015110227a,2015110227a.jpg,Ducks 21 Royce Freeman Yellow Limited Stitched NCAA Jersey With PAC-12 Patch,23.88,2015/11/2 16:53:12,10000,NCAA Jerseys,Oregon Ducks,
2015110226a,2015110226a.jpg,Ducks 21 Royce Freeman Green Limited Stitched NCAA Jersey With PAC-12 Patch,23.88,2015/11/2 16:53:13,10000,NCAA Jerseys,Oregon Ducks,
20151102219a,20151102219a.jpg,NBA Detroit Pistons 0 Andre Drummond Road Blue Jersey,23.88,2015/11/2 16:53:14,10000,NBA Basketball Jerseys,Detroit Pistons,
20151102220a,20151102220a.jpg,NFL Dallas Cowboys 88 Dez Bryant Nike Gray Mens Limited Jersey,23.88,2015/11/2 16:53:15,10000,NFL Football Jerseys,Dallas Cowboys,
2015110225a,2015110225a.jpg,Cubs 49 Jake Arrieta Cream Blue 1942 Turn Back The Clock Stitched MLB Jersey,23.88,2015/11/2 16:53:16,10000,MLB Baseball Jerseys,Chicago Cubs,
2015110224a,2015110224a.jpg,Cavaliers 23 LeBron James Gold Throwback Classic Stitched NBA Jersey,23.88,2015/11/2 16:53:17,10000,NBA Basketball Jerseys,Cleveland Cavaliers,
2015110223a,2015110223a.jpg,Capitals 77 T.J Oshie Red Alternate Stitched NHL Jersey,34.88,2015/11/2 16:53:18,10000,NHL Hockey Jerseys,Washington Capitals,
2015110222a,2015110222a.jpg,Capitals 70 Braden Holtby Red Alternate Stitched NHL Jersey,34.88,2015/11/2 16:53:19,10000,NHL Hockey Jerseys,Washington Capitals,
2015110221a,2015110221a.jpg,Capitals 19 Nicklas Backstrom Red Alternate Stitched NHL Jersey With A Patch,34.88,2015/11/2 16:53:20,10000,NHL Hockey Jerseys,Washington Capitals,
2015110220a,2015110220a.jpg,BYU Cougars 32 Jimmer Fredette White Basketball Stitched NCAA Jersey,23.88,2015/11/2 16:53:21,10000,NCAA Jerseys,BYU Cougars,
2015110219a,2015110219a.jpg,BYU Cougars 32 Jimmer Fredette Navy Blue Basketball Stitched NCAA Jersey,23.88,2015/11/2 16:53:22,10000,NCAA Jerseys,BYU Cougars,
2015110218a,2015110218a.jpg,Buckeyes 16 J. T. Barrett Black(Red No.) Limited Stitched NCAA Jersey With BIG Patch,23.88,2015/11/2 16:53:23,10000,NCAA Jerseys,Ohio State Buckeyes,
2015110217a,2015110217a.jpg,Buckeyes 1 Braxton Miller Black(Red No.) Limited Stitched NCAA Jersey With BIG Patch,23.88,2015/11/2 16:53:24,10000,NCAA Jerseys,Ohio State Buckeyes,
2015110216a,2015110216a.jpg,Blue Jays 17 Ryan Goins Red Canada Day Women's Stitched MLB Jersey,23.88,2015/11/2 16:53:25,10000,MLB Baseball Jerseys,MLB Women&Female,Toronto Blue Jays
2015110215a,2015110215a.jpg,Blue Jays 17 Ryan Goins Blue Alternate Women's Stitched MLB Jersey,23.88,2015/11/2 16:53:26,10000,MLB Baseball Jerseys,MLB Women&Female,Toronto Blue Jays
2015110214a,2015110214a.jpg,Blue Jays 11 Kevin Pillar Blue Alternate Women's Stitched MLB Jersey,23.88,2015/11/2 16:53:27,10000,MLB Baseball Jerseys,MLB Women&Female,Toronto Blue Jays
2015110213a,2015110213a.jpg,Blackhawks 72 Artemi Panarin White Stitched NHL Jersey,34.88,2015/11/2 16:53:28,10000,NHL Hockey Jerseys,Chicago Blackhawks,
2015110212a,2015110212a.jpg,Blackhawks 72 Artemi Panarin Red Stitched NHL Jersey,34.88,2015/11/2 16:53:29,10000,NHL Hockey Jerseys,Chicago Blackhawks,
2015110211a,2015110211a.jpg,Blackhawks 15 Artem Anisimov White Stitched NHL Jersey,34.88,2015/11/2 16:53:30,10000,NHL Hockey Jerseys,Chicago Blackhawks,
2015110210a,2015110210a.jpg,Blackhawks 15 Artem Anisimov Red Stitched NHL Jersey,34.88,2015/11/2 16:53:31,10000,NHL Hockey Jerseys,Chicago Blackhawks,
201511029a,201511029a.jpg,Avalanche 92 Gabriel Landeskog White 2016 Stadium Series Stitched NHL Jersey With C Patch,34.88,2015/11/2 16:53:32,10000,NHL Hockey Jerseys,Colorado Avalanche,
201511028a,201511028a.jpg,Avalanche 9 Matt Duchene White 2016 Stadium Series Stitched NHL Jersey,34.88,2015/11/2 16:53:33,10000,NHL Hockey Jerseys,Colorado Avalanche,
201511027a,201511027a.jpg,Avalanche 29 Nathan MacKinnon White 2016 Stadium Series Stitched NHL Jersey,34.88,2015/11/2 16:53:34,10000,NHL Hockey Jerseys,Colorado Avalanche,
201511026a,201511026a.jpg,Avalanche 1 Semyon Varlamov White 2016 Stadium Series Stitched NHL Jersey,34.88,2015/11/2 16:53:35,10000,NHL Hockey Jerseys,Colorado Avalanche,
201511025a,201511025a.jpg,76ers 3 Allen Iverson White Red Nike Throwback Stitched NBA Jersey With 10th Anniversary Patch,23.88,2015/11/2 16:53:36,10000,NBA Basketball Jerseys,Philadelphia 76ers,
201511024a,201511024a.jpg,76ers 3 Allen Iverson Stitched Red NBA Jersey,23.88,2015/11/2 16:53:37,10000,NBA Basketball Jerseys,Philadelphia 76ers,
201511023a,201511023a.jpg,76ers 3 Allen Iverson Red Blue Nike Throwback Stitched NBA Jersey With 10th Anniversary Patch,23.88,2015/11/2 16:53:38,10000,NBA Basketball Jerseys,Philadelphia 76ers,
201511022a,201511022a.jpg,76ers 3 Allen Iverson Red 1964 Throwback Stitched NBA Jersey,23.88,2015/11/2 16:53:39,10000,NBA Basketball Jerseys,Philadelphia 76ers,
201511021a,201511021a.jpg,76ers 3 Allen Iverson Black Red Nike Throwback Stitched NBA Jersey With 10th Anniversary Patch,23.88,2015/11/2 16:53:40,10000,NBA Basketball Jerseys,Philadelphia 76ers,
